Model,Accuracy,F1
Logistic Regression,0.8034066713981547,0.6059743954480796
Random Forest,0.7899219304471257,0.5685131195335277
XGBoost,0.7906316536550745,0.5850914205344585
LightGBM,0.8005677785663591,0.5956834532374101
