Model,Accuracy,F1
Logistic Regression,0.9190915542938254,0.8492063492063492
Random Forest,0.9318665720369056,0.8709677419354839
XGBoost,0.9247693399574166,0.8590425531914894
LightGBM,0.9297374024130589,0.8695652173913043
